{"cameraMode":{"drawMode":0,"name":"Shaded","section":"Shading Mode"},"sceneLighting":true,"audioPlay":false,"sceneViewState":{"m_AlwaysRefresh":false,"showFog":true,"showSkybox":true,"showFlares":true,"showImageEffects":true,"showParticleSystems":true,"showVisualEffectGraphs":true,"m_FxEnabled":true},"in2DMode":false,"pivot":{"x":2.0680341720581056,"y":-0.37280750274658205,"z":-1.3170809745788575},"rotation":{"x":0.3926617503166199,"y":0.12303782254457474,"z":-0.05309645086526871,"w":0.9098758101463318},"size":5.248396873474121,"orthographic":false}